{
    "batch_size": 128,
    "betaB_G": 100,
    "betaB_finC": 25,
    "betaB_initC": 0,
    "betaH_B": 4,
    "btcvae_A": 1,
    "btcvae_B": 6,
    "btcvae_G": 1,
    "checkpoint_every": 100,
    "dataset": "mnist",
    "epochs": 800,
    "eval_batchsize": 1000,
    "experiment": "factor_mnist",
    "factor_G": 6,
    "img_size": [
        1,
        32,
        32
    ],
    "is_eval_only": false,
    "is_metrics": false,
    "latent_dim": 10,
    "log_level": "info",
    "loss": "factor",
    "lr": 0.0001,
    "lr_disc": 5e-05,
    "model_type": "Burgess",
    "name": "mnistrerun5",
    "no_cuda": false,
    "no_progress_bar": false,
    "no_test": false,
    "rec_dist": "bernoulli",
    "reg_anneal": 10000,
    "seed": 1234
}